,CountryName,RegionName,Date,PredictedDailyNewCases
38776,Italy,,2020-05-10,13729.0431915745
38777,Italy,,2020-05-11,20958.15649627378
38778,Italy,,2020-05-12,25723.728881747727
38779,Italy,,2020-05-13,27957.68367890559
38780,Italy,,2020-05-14,23568.302031149855
38781,Italy,,2020-05-15,22634.208312780913
38782,Italy,,2020-05-16,26131.94568908137
38783,Italy,,2020-05-17,30374.26437842071
38784,Italy,,2020-05-18,33647.295590225156
38785,Italy,,2020-05-19,34912.90825596603
38786,Italy,,2020-05-20,34966.952779887535
38787,Italy,,2020-05-21,36097.36066538014
38788,Italy,,2020-05-22,38513.71313072604
38789,Italy,,2020-05-23,41331.84838346818
38790,Italy,,2020-05-24,43611.53488581408
38791,Italy,,2020-05-25,45065.58188927226
38792,Italy,,2020-05-26,46300.35883918999
38793,Italy,,2020-05-27,47937.22047772292
38794,Italy,,2020-05-28,50034.922282263426
38795,Italy,,2020-05-29,52233.31153346189
38796,Italy,,2020-05-30,54172.84981459346
28945,France,,2020-05-10,8229.9798268923
28946,France,,2020-05-11,13372.906254077257
28947,France,,2020-05-12,18299.36042877676
28948,France,,2020-05-13,20666.40172945039
28949,France,,2020-05-14,18597.832520901346
28950,France,,2020-05-15,18537.125332250114
28951,France,,2020-05-16,21239.965054428987
28952,France,,2020-05-17,24851.04253800545
28953,France,,2020-05-18,27963.58606845218
28954,France,,2020-05-19,29334.19400611964
28955,France,,2020-05-20,29938.15622315317
28956,France,,2020-05-21,31212.302767506775
28957,France,,2020-05-22,33419.70775648263
28958,France,,2020-05-23,36007.59318566947
28959,France,,2020-05-24,38202.370475419804
28960,France,,2020-05-25,39919.46623711849
28961,France,,2020-05-26,41450.85721565747
28962,France,,2020-05-27,43193.207066854484
28963,France,,2020-05-28,45251.794292961626
28964,France,,2020-05-29,47390.290453704074
28965,France,,2020-05-30,49377.53254349084
24199,Germany,,2020-05-10,11245.544117851845
24200,Germany,,2020-05-11,22098.802874006265
24201,Germany,,2020-05-12,28817.397799432852
24202,Germany,,2020-05-13,31103.919176718086
24203,Germany,,2020-05-14,26237.18207164646
24204,Germany,,2020-05-15,24482.157519294953
24205,Germany,,2020-05-16,28366.509507041166
24206,Germany,,2020-05-17,33290.5925912177
24207,Germany,,2020-05-18,37160.594706146374
24208,Germany,,2020-05-19,38043.012840392694
24209,Germany,,2020-05-20,37618.8105105205
24210,Germany,,2020-05-21,38536.7866215104
24211,Germany,,2020-05-22,41111.944531768386
24212,Germany,,2020-05-23,44249.47215467032
24213,Germany,,2020-05-24,46640.24942250275
24214,Germany,,2020-05-25,48091.07054403213
24215,Germany,,2020-05-26,49270.430265060655
24216,Germany,,2020-05-27,50913.17391364257
24217,Germany,,2020-05-28,53130.34137051194
24218,Germany,,2020-05-29,55463.71448890563
24219,Germany,,2020-05-30,57485.6163313744
68947,United States,,2020-05-10,76963.61654631427
68948,United States,,2020-05-11,128140.6740840852
68949,United States,,2020-05-12,164863.14380709527
68950,United States,,2020-05-13,180670.19800495196
68951,United States,,2020-05-14,133345.98523695098
68952,United States,,2020-05-15,105678.10719936674
68953,United States,,2020-05-16,116797.27757540843
68954,United States,,2020-05-17,140355.8921668175
68955,United States,,2020-05-18,159572.2198720571
68956,United States,,2020-05-19,156922.9032980496
68957,United States,,2020-05-20,142364.58664643718
68958,United States,,2020-05-21,135528.54439168083
68959,United States,,2020-05-22,140937.34614301927
68960,United States,,2020-05-23,152080.28677271825
68961,United States,,2020-05-24,158920.48999519576
68962,United States,,2020-05-25,157896.48926329231
68963,United States,,2020-05-26,153943.70589029035
68964,United States,,2020-05-27,153098.28276957377
68965,United States,,2020-05-28,156840.0579297908
68966,United States,,2020-05-29,162117.38631929448
68967,United States,,2020-05-30,165296.82207997283
69286,United States,Alaska,2020-05-10,5764.306870562406
69287,United States,Alaska,2020-05-11,8860.936233246819
69288,United States,Alaska,2020-05-12,10572.783268540099
69289,United States,Alaska,2020-05-13,11491.534627737266
69290,United States,Alaska,2020-05-14,12076.853110125729
69291,United States,Alaska,2020-05-15,14099.687273351345
69292,United States,Alaska,2020-05-16,16867.20069854318
69293,United States,Alaska,2020-05-17,19269.984951045666
69294,United States,Alaska,2020-05-18,21063.037397586177
69295,United States,Alaska,2020-05-19,22410.750797425557
69296,United States,Alaska,2020-05-20,23926.338016339476
69297,United States,Alaska,2020-05-21,25902.395956892888
69298,United States,Alaska,2020-05-22,28081.917416944372
69299,United States,Alaska,2020-05-23,30128.912671021386
69300,United States,Alaska,2020-05-24,31911.49042303441
69301,United States,Alaska,2020-05-25,33568.94787422724
69302,United States,Alaska,2020-05-26,35321.637626533106
69303,United States,Alaska,2020-05-27,37364.896268216544
69304,United States,Alaska,2020-05-28,39463.653047057225
69305,United States,Alaska,2020-05-29,41436.53974281349
69306,United States,Alaska,2020-05-30,43278.57122264632
69625,United States,Alabama,2020-05-10,6618.950927825302
69626,United States,Alabama,2020-05-11,10516.086302715736
69627,United States,Alabama,2020-05-12,12878.077583859169
69628,United States,Alabama,2020-05-13,13917.540228350354
69629,United States,Alabama,2020-05-14,13765.223439371453
69630,United States,Alabama,2020-05-15,15335.494556196729
69631,United States,Alabama,2020-05-16,18227.188860730934
69632,United States,Alabama,2020-05-17,20986.75774277118
69633,United States,Alabama,2020-05-18,23047.53978129455
69634,United States,Alabama,2020-05-19,24320.2875270096
69635,United States,Alabama,2020-05-20,25582.258378881987
69636,United States,Alabama,2020-05-21,27420.271247812692
69637,United States,Alabama,2020-05-22,29656.513991183376
69638,United States,Alabama,2020-05-23,31850.29522179389
69639,United States,Alabama,2020-05-24,33710.15410507386
69640,United States,Alabama,2020-05-25,35320.45857687233
69641,United States,Alabama,2020-05-26,36980.201053768156
69642,United States,Alabama,2020-05-27,38848.706586103595
69643,United States,Alabama,2020-05-28,40848.93762131863
69644,United States,Alabama,2020-05-29,42806.58641469004
69645,United States,Alabama,2020-05-30,44631.70720224036
69964,United States,Arkansas,2020-05-10,6082.787190621402
69965,United States,Arkansas,2020-05-11,9587.097959123734
69966,United States,Arkansas,2020-05-12,11676.295948235427
69967,United States,Arkansas,2020-05-13,12849.486619092793
69968,United States,Arkansas,2020-05-14,13072.480161628762
69969,United States,Arkansas,2020-05-15,14762.625072909668
69970,United States,Arkansas,2020-05-16,17526.517147227485
69971,United States,Arkansas,2020-05-17,20098.30981774123
69972,United States,Arkansas,2020-05-18,22082.240959887553
69973,United States,Arkansas,2020-05-19,23443.32758047072
69974,United States,Arkansas,2020-05-20,24826.49174471005
69975,United States,Arkansas,2020-05-21,26698.192084156257
69976,United States,Arkansas,2020-05-22,28879.294035729297
69977,United States,Arkansas,2020-05-23,31003.027784238922
69978,United States,Arkansas,2020-05-24,32847.26223363842
69979,United States,Arkansas,2020-05-25,34627.95068027412
69980,United States,Arkansas,2020-05-26,36458.35432035858
69981,United States,Arkansas,2020-05-27,38403.2882374745
69982,United States,Arkansas,2020-05-28,40416.99094135598
69983,United States,Arkansas,2020-05-29,42377.64328719689
69984,United States,Arkansas,2020-05-30,44259.84120312401
70303,United States,Arizona,2020-05-10,6682.058448083194
70304,United States,Arizona,2020-05-11,12341.722156901335
70305,United States,Arizona,2020-05-12,14788.926008734019
70306,United States,Arizona,2020-05-13,15476.695469889593
70307,United States,Arizona,2020-05-14,14841.161966099247
70308,United States,Arizona,2020-05-15,16025.98554331296
70309,United States,Arizona,2020-05-16,19224.868837163463
70310,United States,Arizona,2020-05-17,22372.660868053263
70311,United States,Arizona,2020-05-18,24527.094392405375
70312,United States,Arizona,2020-05-19,25649.11195422118
70313,United States,Arizona,2020-05-20,26676.79018034769
70314,United States,Arizona,2020-05-21,28449.15577583891
70315,United States,Arizona,2020-05-22,30803.45451172429
70316,United States,Arizona,2020-05-23,33127.31558498664
70317,United States,Arizona,2020-05-24,35013.45194516838
70318,United States,Arizona,2020-05-25,36680.76331111071
70319,United States,Arizona,2020-05-26,38387.18523387807
70320,United States,Arizona,2020-05-27,40313.036100766505
70321,United States,Arizona,2020-05-28,42397.017484346274
70322,United States,Arizona,2020-05-29,44426.1130915426
70323,United States,Arizona,2020-05-30,46311.48991868086
70642,United States,California,2020-05-10,12380.25456783732
70643,United States,California,2020-05-11,19474.507532159532
70644,United States,California,2020-05-12,24475.688205262803
70645,United States,California,2020-05-13,27098.6648014714
70646,United States,California,2020-05-14,23340.329543874956
70647,United States,California,2020-05-15,22582.151220222222
70648,United States,California,2020-05-16,25981.86000948137
70649,United States,California,2020-05-17,30242.24055364893
70650,United States,California,2020-05-18,33697.60546838772
70651,United States,California,2020-05-19,34766.37063961451
70652,United States,California,2020-05-20,34837.548360244975
70653,United States,California,2020-05-21,35971.8695285182
70654,United States,California,2020-05-22,38392.8578084099
70655,United States,California,2020-05-23,41257.39704835144
70656,United States,California,2020-05-24,43529.313846227065
70657,United States,California,2020-05-25,44959.99970290134
70658,United States,California,2020-05-26,46185.703373437005
70659,United States,California,2020-05-27,47821.90916385385
70660,United States,California,2020-05-28,49932.64069260633
70661,United States,California,2020-05-29,52140.319705954644
70662,United States,California,2020-05-30,54076.7629998887
70981,United States,Colorado,2020-05-10,7350.341727975261
70982,United States,Colorado,2020-05-11,11424.95301790399
70983,United States,Colorado,2020-05-12,13604.36425555963
70984,United States,Colorado,2020-05-13,15012.918732157144
70985,United States,Colorado,2020-05-14,14700.29616634098
70986,United States,Colorado,2020-05-15,16093.00409415668
70987,United States,Colorado,2020-05-16,19020.605985277653
70988,United States,Colorado,2020-05-17,21788.531630184145
70989,United States,Colorado,2020-05-18,23928.056424007133
70990,United States,Colorado,2020-05-19,25233.707480930156
70991,United States,Colorado,2020-05-20,26444.879052118657
70992,United States,Colorado,2020-05-21,28244.385776099636
70993,United States,Colorado,2020-05-22,30470.857735262667
70994,United States,Colorado,2020-05-23,32684.55758743914
70995,United States,Colorado,2020-05-24,34571.547740058246
70996,United States,Colorado,2020-05-25,36184.00700876043
70997,United States,Colorado,2020-05-26,37827.16937210955
70998,United States,Colorado,2020-05-27,39680.27914520766
70999,United States,Colorado,2020-05-28,41678.12286184904
71000,United States,Colorado,2020-05-29,43644.78410966768
71001,United States,Colorado,2020-05-30,45477.84024351575
71320,United States,Connecticut,2020-05-10,6932.420059925574
71321,United States,Connecticut,2020-05-11,10371.45934065574
71322,United States,Connecticut,2020-05-12,12269.822310517608
71323,United States,Connecticut,2020-05-13,13783.541568540724
71324,United States,Connecticut,2020-05-14,13860.016492214469
71325,United States,Connecticut,2020-05-15,15468.128955316002
71326,United States,Connecticut,2020-05-16,18264.238945021265
71327,United States,Connecticut,2020-05-17,20808.63987368195
71328,United States,Connecticut,2020-05-18,22843.687587296594
71329,United States,Connecticut,2020-05-19,24228.21709754661
71330,United States,Connecticut,2020-05-20,25584.21501941668
71331,United States,Connecticut,2020-05-21,27438.966734545244
71332,United States,Connecticut,2020-05-22,29609.799880513252
71333,United States,Connecticut,2020-05-23,31740.418175300125
71334,United States,Connecticut,2020-05-24,33599.9148418349
71335,United States,Connecticut,2020-05-25,35251.45377120961
71336,United States,Connecticut,2020-05-26,36946.2928133876
71337,United States,Connecticut,2020-05-27,38813.7937629008
71338,United States,Connecticut,2020-05-28,40787.414861518475
71339,United States,Connecticut,2020-05-29,42725.03051244711
71340,United States,Connecticut,2020-05-30,44552.918615009534
71659,United States,Washington DC,2020-05-10,5567.991534310306
71660,United States,Washington DC,2020-05-11,8562.193350564472
71661,United States,Washington DC,2020-05-12,10188.596546373337
71662,United States,Washington DC,2020-05-13,11094.924152216132
71663,United States,Washington DC,2020-05-14,11799.598617155469
71664,United States,Washington DC,2020-05-15,13879.411019530675
71665,United States,Washington DC,2020-05-16,16619.69646711638
71666,United States,Washington DC,2020-05-17,18970.256611932782
71667,United States,Washington DC,2020-05-18,20727.40446855884
71668,United States,Washington DC,2020-05-19,22091.261127611506
71669,United States,Washington DC,2020-05-20,23645.0417318714
71670,United States,Washington DC,2020-05-21,25638.160714131434
71671,United States,Washington DC,2020-05-22,27806.74583816547
71672,United States,Washington DC,2020-05-23,29832.04545040091
71673,United States,Washington DC,2020-05-24,31605.131409672653
71674,United States,Washington DC,2020-05-25,33402.86333888758
71675,United States,Washington DC,2020-05-26,35297.37935364575
71676,United States,Washington DC,2020-05-27,37283.02141443165
71677,United States,Washington DC,2020-05-28,39285.30538068195
71678,United States,Washington DC,2020-05-29,41208.315817523755
71679,United States,Washington DC,2020-05-30,43069.71935922853
71998,United States,Delaware,2020-05-10,5736.41845436566
71999,United States,Delaware,2020-05-11,8858.102006995548
72000,United States,Delaware,2020-05-12,10495.060414332893
72001,United States,Delaware,2020-05-13,11408.017982407211
72002,United States,Delaware,2020-05-14,12030.198045530135
72003,United States,Delaware,2020-05-15,14066.551925022926
72004,United States,Delaware,2020-05-16,16841.125719838707
72005,United States,Delaware,2020-05-17,19229.16291260859
72006,United States,Delaware,2020-05-18,21005.33082693226
72007,United States,Delaware,2020-05-19,22354.46514338752
72008,United States,Delaware,2020-05-20,23879.577367894777
72009,United States,Delaware,2020-05-21,25863.65965488234
72010,United States,Delaware,2020-05-22,28043.282308352955
72011,United States,Delaware,2020-05-23,30083.779281242947
72012,United States,Delaware,2020-05-24,31861.68633132345
72013,United States,Delaware,2020-05-25,33651.55760239282
72014,United States,Delaware,2020-05-26,35536.31921634751
72015,United States,Delaware,2020-05-27,37519.543577359196
72016,United States,Delaware,2020-05-28,39526.468884697766
72017,United States,Delaware,2020-05-29,41454.80911731756
72018,United States,Delaware,2020-05-30,43316.92285658102
72337,United States,Florida,2020-05-10,8778.26704482086
72338,United States,Florida,2020-05-11,14086.698091740389
72339,United States,Florida,2020-05-12,17578.446308850936
72340,United States,Florida,2020-05-13,19278.74202597028
72341,United States,Florida,2020-05-14,17660.541797669935
72342,United States,Florida,2020-05-15,18227.187873280363
72343,United States,Florida,2020-05-16,21306.96675302888
72344,United States,Florida,2020-05-17,24697.595670358016
72345,United States,Florida,2020-05-18,27348.43538703589
72346,United States,Florida,2020-05-19,28549.83059173996
72347,United States,Florida,2020-05-20,29316.7281289333
72348,United States,Florida,2020-05-21,30851.57893295063
72349,United States,Florida,2020-05-22,33158.64128813266
72350,United States,Florida,2020-05-23,35632.571556881005
72351,United States,Florida,2020-05-24,37669.52743787043
72352,United States,Florida,2020-05-25,39340.98440030154
72353,United States,Florida,2020-05-26,40947.38512774155
72354,United States,Florida,2020-05-27,42784.60408770383
72355,United States,Florida,2020-05-28,44865.75444457926
72356,United States,Florida,2020-05-29,46954.99786766378
72357,United States,Florida,2020-05-30,48887.24211120807
72676,United States,Georgia,2020-05-10,6589.525092038555
72677,United States,Georgia,2020-05-11,10981.061335127724
72678,United States,Georgia,2020-05-12,13942.730781838975
72679,United States,Georgia,2020-05-13,15369.013159644921
72680,United States,Georgia,2020-05-14,14827.495190245765
72681,United States,Georgia,2020-05-15,15921.560902350124
72682,United States,Georgia,2020-05-16,18725.942287792168
72683,United States,Georgia,2020-05-17,21690.476007352798
72684,United States,Georgia,2020-05-18,24025.153598640503
72685,United States,Georgia,2020-05-19,25357.050351228365
72686,United States,Georgia,2020-05-20,26462.63958462866
72687,United States,Georgia,2020-05-21,28143.77361269257
72688,United States,Georgia,2020-05-22,30357.63648305765
72689,United States,Georgia,2020-05-23,32645.746762857347
72690,United States,Georgia,2020-05-24,34598.73181541258
72691,United States,Georgia,2020-05-25,36213.63636510315
72692,United States,Georgia,2020-05-26,37810.72894509715
72693,United States,Georgia,2020-05-27,39624.7883283459
72694,United States,Georgia,2020-05-28,41624.73359526965
72695,United States,Georgia,2020-05-29,43620.618261482676
72696,United States,Georgia,2020-05-30,45475.801563857734
73015,United States,Hawaii,2020-05-10,5547.5444872605485
73016,United States,Hawaii,2020-05-11,8519.03405995069
73017,United States,Hawaii,2020-05-12,10121.905743038558
73018,United States,Hawaii,2020-05-13,10997.87667879339
73019,United States,Hawaii,2020-05-14,11724.241417906938
73020,United States,Hawaii,2020-05-15,13830.889757068078
73021,United States,Hawaii,2020-05-16,16575.369697802384
73022,United States,Hawaii,2020-05-17,18917.102011611096
73023,United States,Hawaii,2020-05-18,20659.092332715165
73024,United States,Hawaii,2020-05-19,22018.64035600503
73025,United States,Hawaii,2020-05-20,23580.64236384964
73026,United States,Hawaii,2020-05-21,25582.219459407468
73027,United States,Hawaii,2020-05-22,27752.560620683573
73028,United States,Hawaii,2020-05-23,29773.174133221568
73029,United States,Hawaii,2020-05-24,31541.075861414352
73030,United States,Hawaii,2020-05-25,33338.274262649364
73031,United States,Hawaii,2020-05-26,35236.017447645434
73032,United States,Hawaii,2020-05-27,37224.69135650417
73033,United States,Hawaii,2020-05-28,39227.215534543626
73034,United States,Hawaii,2020-05-29,41148.27309354946
73035,United States,Hawaii,2020-05-30,43008.00484767302
73354,United States,Iowa,2020-05-10,6379.620074114754
73355,United States,Iowa,2020-05-11,10031.65070024768
73356,United States,Iowa,2020-05-12,12214.630363715722
73357,United States,Iowa,2020-05-13,13183.825990207017
73358,United States,Iowa,2020-05-14,13239.7790218111
73359,United States,Iowa,2020-05-15,14960.076423681221
73360,United States,Iowa,2020-05-16,17823.697347627105
73361,United States,Iowa,2020-05-17,20483.34364879097
73362,United States,Iowa,2020-05-18,22459.227938420052
73363,United States,Iowa,2020-05-19,23744.841630859228
73364,United States,Iowa,2020-05-20,25080.662682458504
73365,United States,Iowa,2020-05-21,26963.631548114095
73366,United States,Iowa,2020-05-22,29187.67912767456
73367,United States,Iowa,2020-05-23,31339.085642054008
73368,United States,Iowa,2020-05-24,33173.2306613702
73369,United States,Iowa,2020-05-25,34794.684212813925
73370,United States,Iowa,2020-05-26,36481.68591168174
73371,United States,Iowa,2020-05-27,38364.692983461195
73372,United States,Iowa,2020-05-28,40357.80179228441
73373,United States,Iowa,2020-05-29,42299.659305583016
73374,United States,Iowa,2020-05-30,44117.72398754065
73693,United States,Idaho,2020-05-10,6045.048900766209
73694,United States,Idaho,2020-05-11,9441.035619983762
73695,United States,Idaho,2020-05-12,11277.09765940968
73696,United States,Idaho,2020-05-13,12234.505340402015
73697,United States,Idaho,2020-05-14,12608.679838477314
73698,United States,Idaho,2020-05-15,14495.297400917498
73699,United States,Idaho,2020-05-16,17316.00441870238
73700,United States,Idaho,2020-05-17,19821.63910102935
73701,United States,Idaho,2020-05-18,21685.253402755974
73702,United States,Idaho,2020-05-19,23008.40644563115
73703,United States,Idaho,2020-05-20,24448.749431969532
73704,United States,Idaho,2020-05-21,26388.111318224488
73705,United States,Idaho,2020-05-22,28587.448141735953
73706,United States,Idaho,2020-05-23,30676.579687281694
73707,United States,Idaho,2020-05-24,32479.57300927185
73708,United States,Idaho,2020-05-25,34121.62749351676
73709,United States,Idaho,2020-05-26,35847.35074371751
73710,United States,Idaho,2020-05-27,37747.82452740959
73711,United States,Idaho,2020-05-28,39727.91015142357
73712,United States,Idaho,2020-05-29,41647.29757773844
73713,United States,Idaho,2020-05-30,43457.33760635353
74032,United States,Illinois,2020-05-10,8813.996615663069
74033,United States,Illinois,2020-05-11,15087.92564656675
74034,United States,Illinois,2020-05-12,18508.699825593823
74035,United States,Illinois,2020-05-13,19774.26220432599
74036,United States,Illinois,2020-05-14,17939.38982097965
74037,United States,Illinois,2020-05-15,18439.111381743674
74038,United States,Illinois,2020-05-16,21758.61590853502
74039,United States,Illinois,2020-05-17,25354.179395760966
74040,United States,Illinois,2020-05-18,27971.22514081537
74041,United States,Illinois,2020-05-19,29035.693920624064
74042,United States,Illinois,2020-05-20,29695.771856375497
74043,United States,Illinois,2020-05-21,31243.944172794472
74044,United States,Illinois,2020-05-22,33644.31839522467
74045,United States,Illinois,2020-05-23,36176.87024815395
74046,United States,Illinois,2020-05-24,38196.584876234054
74047,United States,Illinois,2020-05-25,39812.17655050597
74048,United States,Illinois,2020-05-26,41384.059512253894
74049,United States,Illinois,2020-05-27,43234.00981418984
74050,United States,Illinois,2020-05-28,45349.297662334495
74051,United States,Illinois,2020-05-29,47456.281932692735
74052,United States,Illinois,2020-05-30,49378.22143257325
74371,United States,Indiana,2020-05-10,7938.611841248319
74372,United States,Indiana,2020-05-11,12354.0516875045
74373,United States,Indiana,2020-05-12,15130.131722339676
74374,United States,Indiana,2020-05-13,16859.235929859213
74375,United States,Indiana,2020-05-14,16020.829888734352
74376,United States,Indiana,2020-05-15,17017.741907436244
74377,United States,Indiana,2020-05-16,19933.47531718082
74378,United States,Indiana,2020-05-17,22923.62909541647
74379,United States,Indiana,2020-05-18,25319.974219060867
74380,United States,Indiana,2020-05-19,26632.72290242979
74381,United States,Indiana,2020-05-20,27669.547914680603
74382,United States,Indiana,2020-05-21,29334.82761739706
74383,United States,Indiana,2020-05-22,31564.411116001727
74384,United States,Indiana,2020-05-23,33880.68513331889
74385,United States,Indiana,2020-05-24,35847.36607335525
74386,United States,Indiana,2020-05-25,37446.856388523665
74387,United States,Indiana,2020-05-26,39023.49750703799
74388,United States,Indiana,2020-05-27,40830.56356572202
74389,United States,Indiana,2020-05-28,42837.42495498082
74390,United States,Indiana,2020-05-29,44843.59395837742
74391,United States,Indiana,2020-05-30,46700.53448612012
74710,United States,Kansas,2020-05-10,6787.958022262604
74711,United States,Kansas,2020-05-11,10033.499627670837
74712,United States,Kansas,2020-05-12,12271.641148735667
74713,United States,Kansas,2020-05-13,12757.770162686928
74714,United States,Kansas,2020-05-14,12753.11907357132
74715,United States,Kansas,2020-05-15,14815.192129848798
74716,United States,Kansas,2020-05-16,17799.757962597098
74717,United States,Kansas,2020-05-17,20464.804804826967
74718,United States,Kansas,2020-05-18,22309.680123046444
74719,United States,Kansas,2020-05-19,23465.908220858753
74720,United States,Kansas,2020-05-20,24828.40932862163
74721,United States,Kansas,2020-05-21,26802.565343071066
74722,United States,Kansas,2020-05-22,29085.206248009235
74723,United States,Kansas,2020-05-23,31224.70115128638
74724,United States,Kansas,2020-05-24,33000.84024559159
74725,United States,Kansas,2020-05-25,34587.53788987199
74726,United States,Kansas,2020-05-26,36288.183758436615
74727,United States,Kansas,2020-05-27,38205.82540589512
74728,United States,Kansas,2020-05-28,40218.34482931292
74729,United States,Kansas,2020-05-29,42150.82922146799
74730,United States,Kansas,2020-05-30,43947.521711977155
75049,United States,Kentucky,2020-05-10,6669.3291523771895
75050,United States,Kentucky,2020-05-11,10716.77745787353
75051,United States,Kentucky,2020-05-12,13000.613246190027
75052,United States,Kentucky,2020-05-13,14029.569525791354
75053,United States,Kentucky,2020-05-14,13865.46945389628
75054,United States,Kentucky,2020-05-15,15414.090201595474
75055,United States,Kentucky,2020-05-16,18339.11394805867
75056,United States,Kentucky,2020-05-17,21112.307939256923
75057,United States,Kentucky,2020-05-18,23167.163110083304
75058,United States,Kentucky,2020-05-19,24430.952576291824
75059,United States,Kentucky,2020-05-20,25682.22880639836
75060,United States,Kentucky,2020-05-21,27522.030054690043
75061,United States,Kentucky,2020-05-22,29766.914375932138
75062,United States,Kentucky,2020-05-23,31964.861353211698
75063,United States,Kentucky,2020-05-24,33823.1187992597
75064,United States,Kentucky,2020-05-25,35428.50649203387
75065,United States,Kentucky,2020-05-26,37085.249246813175
75066,United States,Kentucky,2020-05-27,38955.042283422554
75067,United States,Kentucky,2020-05-28,40958.13305335769
75068,United States,Kentucky,2020-05-29,42917.119091817825
75069,United States,Kentucky,2020-05-30,44741.20423996785
75388,United States,Louisiana,2020-05-10,6041.801627981954
75389,United States,Louisiana,2020-05-11,10482.075655910463
75390,United States,Louisiana,2020-05-12,12964.472615904931
75391,United States,Louisiana,2020-05-13,13698.467116170807
75392,United States,Louisiana,2020-05-14,13520.446250657682
75393,United States,Louisiana,2020-05-15,15037.969070511146
75394,United States,Louisiana,2020-05-16,17991.105360884165
75395,United States,Louisiana,2020-05-17,20869.03732096736
75396,United States,Louisiana,2020-05-18,22919.88618404087
75397,United States,Louisiana,2020-05-19,24139.573657373174
75398,United States,Louisiana,2020-05-20,25358.063530774216
75399,United States,Louisiana,2020-05-21,27189.879613730413
75400,United States,Louisiana,2020-05-22,29463.56076510942
75401,United States,Louisiana,2020-05-23,31686.448262761045
75402,United States,Louisiana,2020-05-24,33543.33775603371
75403,United States,Louisiana,2020-05-25,35132.80159750573
75404,United States,Louisiana,2020-05-26,36776.176219350506
75405,United States,Louisiana,2020-05-27,38647.30491967965
75406,United States,Louisiana,2020-05-28,40661.69454810326
75407,United States,Louisiana,2020-05-29,42628.60421085341
75408,United States,Louisiana,2020-05-30,44451.5449256245
75727,United States,Massachusetts,2020-05-10,6314.207320791056
75728,United States,Massachusetts,2020-05-11,10184.373153561926
75729,United States,Massachusetts,2020-05-12,13139.041851138176
75730,United States,Massachusetts,2020-05-13,15088.443263363599
75731,United States,Massachusetts,2020-05-14,14765.643550031124
75732,United States,Massachusetts,2020-05-15,15768.538079755319
75733,United States,Massachusetts,2020-05-16,18341.19596064625
75734,United States,Massachusetts,2020-05-17,21142.24503597279
75735,United States,Massachusetts,2020-05-18,23548.62927758302
75736,United States,Massachusetts,2020-05-19,25041.0676496446
75737,United States,Massachusetts,2020-05-20,26221.802695493705
75738,United States,Massachusetts,2020-05-21,27857.550905689284
75739,United States,Massachusetts,2020-05-22,29975.649515088964
75740,United States,Massachusetts,2020-05-23,32220.956477673542
75741,United States,Massachusetts,2020-05-24,34209.42761847042
75742,United States,Massachusetts,2020-05-25,35882.21748258061
75743,United States,Massachusetts,2020-05-26,37501.74850357601
75744,United States,Massachusetts,2020-05-27,39292.76215047549
75745,United States,Massachusetts,2020-05-28,41258.1832849684
75746,United States,Massachusetts,2020-05-29,43243.370480628735
75747,United States,Massachusetts,2020-05-30,45114.836650423844
76066,United States,Maryland,2020-05-10,6452.031330344205
76067,United States,Maryland,2020-05-11,10117.822095267431
76068,United States,Maryland,2020-05-12,12025.252460085369
76069,United States,Maryland,2020-05-13,12825.659651487513
76070,United States,Maryland,2020-05-14,12987.02242054461
76071,United States,Maryland,2020-05-15,14849.485789196366
76072,United States,Maryland,2020-05-16,17787.94934804738
76073,United States,Maryland,2020-05-17,20402.230000868894
76074,United States,Maryland,2020-05-18,22277.198723304195
76075,United States,Maryland,2020-05-19,23525.23174097661
76076,United States,Maryland,2020-05-20,24898.249933084797
76077,United States,Maryland,2020-05-21,26837.67157516543
76078,United States,Maryland,2020-05-22,29083.08910357103
76079,United States,Maryland,2020-05-23,31209.683370653685
76080,United States,Maryland,2020-05-24,33009.29690188613
76081,United States,Maryland,2020-05-25,34752.72229544308
76082,United States,Maryland,2020-05-26,36584.498603311076
76083,United States,Maryland,2020-05-27,38556.98321676111
76084,United States,Maryland,2020-05-28,40591.90159835857
76085,United States,Maryland,2020-05-29,42549.65255067781
76086,United States,Maryland,2020-05-30,44414.25110971587
76405,United States,Maine,2020-05-10,5623.877433407481
76406,United States,Maine,2020-05-11,8639.627114047516
76407,United States,Maine,2020-05-12,10262.568174361237
76408,United States,Maine,2020-05-13,11150.100958235096
76409,United States,Maine,2020-05-14,11835.084590270366
76410,United States,Maine,2020-05-15,13918.401221729044
76411,United States,Maine,2020-05-16,16673.414963339732
76412,United States,Maine,2020-05-17,19032.575866225063
76413,United States,Maine,2020-05-18,20787.538331528674
76414,United States,Maine,2020-05-19,22142.479239336673
76415,United States,Maine,2020-05-20,23690.809065240108
76416,United States,Maine,2020-05-21,25686.07512938637
76417,United States,Maine,2020-05-22,27859.964538335593
76418,United States,Maine,2020-05-23,29888.086409674794
76419,United States,Maine,2020-05-24,31659.59576099235
76420,United States,Maine,2020-05-25,33453.94138312758
76421,United States,Maine,2020-05-26,35346.85453962348
76422,United States,Maine,2020-05-27,37333.55804959955
76423,United States,Maine,2020-05-28,39337.78760388546
76424,United States,Maine,2020-05-29,41261.56550980751
76425,United States,Maine,2020-05-30,43122.139034633474
76744,United States,Michigan,2020-05-10,8925.279667299012
76745,United States,Michigan,2020-05-11,13876.649627853261
76746,United States,Michigan,2020-05-12,16296.92443877249
76747,United States,Michigan,2020-05-13,17445.46775167758
76748,United States,Michigan,2020-05-14,16324.81608255413
76749,United States,Michigan,2020-05-15,17541.057169614938
76750,United States,Michigan,2020-05-16,20830.31264752718
76751,United States,Michigan,2020-05-17,23955.57002802746
76752,United States,Michigan,2020-05-18,26200.57644674195
76753,United States,Michigan,2020-05-19,27291.52315744648
76754,United States,Michigan,2020-05-20,28256.34827733857
76755,United States,Michigan,2020-05-21,30023.408690978486
76756,United States,Michigan,2020-05-22,32384.294420475093
76757,United States,Michigan,2020-05-23,34733.08949479835
76758,United States,Michigan,2020-05-24,36631.6642152361
76759,United States,Michigan,2020-05-25,38283.64779877327
76760,United States,Michigan,2020-05-26,39972.92270839329
76761,United States,Michigan,2020-05-27,41892.08616233763
76762,United States,Michigan,2020-05-28,43981.036583312554
76763,United States,Michigan,2020-05-29,46018.61940311137
76764,United States,Michigan,2020-05-30,47904.83003177092
77083,United States,Minnesota,2020-05-10,8451.70887649788
77084,United States,Minnesota,2020-05-11,12045.007474439866
77085,United States,Minnesota,2020-05-12,14208.554686437841
77086,United States,Minnesota,2020-05-13,15529.83433752443
77087,United States,Minnesota,2020-05-14,15048.866292844483
77088,United States,Minnesota,2020-05-15,16625.99478059107
77089,United States,Minnesota,2020-05-16,19650.521503902404
77090,United States,Minnesota,2020-05-17,22402.07733142359
77091,United States,Minnesota,2020-05-18,24497.25348074673
77092,United States,Minnesota,2020-05-19,25729.983947982608
77093,United States,Minnesota,2020-05-20,26938.805701088284
77094,United States,Minnesota,2020-05-21,28786.540544424686
77095,United States,Minnesota,2020-05-22,31043.887677133607
77096,United States,Minnesota,2020-05-23,33255.72433697131
77097,United States,Minnesota,2020-05-24,35115.35860003813
77098,United States,Minnesota,2020-05-25,36705.97868503348
77099,United States,Minnesota,2020-05-26,38352.465793963456
77100,United States,Minnesota,2020-05-27,40222.00245465684
77101,United States,Minnesota,2020-05-28,42230.51916361358
77102,United States,Minnesota,2020-05-29,44193.755082465475
77103,United States,Minnesota,2020-05-30,46015.553086307875
77422,United States,Missouri,2020-05-10,7158.116702609169
77423,United States,Missouri,2020-05-11,10818.492208582928
77424,United States,Missouri,2020-05-12,12724.41924917018
77425,United States,Missouri,2020-05-13,13892.829614485829
77426,United States,Missouri,2020-05-14,13861.122750975232
77427,United States,Missouri,2020-05-15,15556.23303572787
77428,United States,Missouri,2020-05-16,18490.298309631464
77429,United States,Missouri,2020-05-17,21120.253611432887
77430,United States,Missouri,2020-05-18,23098.20806554012
77431,United States,Missouri,2020-05-19,24383.22569912289
77432,United States,Missouri,2020-05-20,25704.40771014764
77433,United States,Missouri,2020-05-21,27594.928353000185
77434,United States,Missouri,2020-05-22,29823.368959895117
77435,United States,Missouri,2020-05-23,31974.031293161446
77436,United States,Missouri,2020-05-24,33807.101280931005
77437,United States,Missouri,2020-05-25,35424.12816114804
77438,United States,Missouri,2020-05-26,37109.32720768819
77439,United States,Missouri,2020-05-27,38993.50999596959
77440,United States,Missouri,2020-05-28,40987.523860414316
77441,United States,Missouri,2020-05-29,42929.23922306043
77442,United States,Missouri,2020-05-30,44745.74076901412
77761,United States,Mississippi,2020-05-10,6223.888165345412
77762,United States,Mississippi,2020-05-11,9491.203980087856
77763,United States,Mississippi,2020-05-12,11562.544284271418
77764,United States,Mississippi,2020-05-13,12641.792156026328
77765,United States,Mississippi,2020-05-14,12891.743747693039
77766,United States,Mississippi,2020-05-15,14700.79303507223
77767,United States,Mississippi,2020-05-16,17477.500888420713
77768,United States,Mississippi,2020-05-17,20016.98176305741
77769,United States,Mississippi,2020-05-18,21956.01470028
77770,United States,Mississippi,2020-05-19,23295.272605295773
77771,United States,Mississippi,2020-05-20,24704.568042037023
77772,United States,Mississippi,2020-05-21,26606.927959437176
77773,United States,Mississippi,2020-05-22,28794.534186672765
77774,United States,Mississippi,2020-05-23,30903.855330980547
77775,United States,Mississippi,2020-05-24,32729.958790446228
77776,United States,Mississippi,2020-05-25,34375.640768746256
77777,United States,Mississippi,2020-05-26,36088.336455486926
77778,United States,Mississippi,2020-05-27,37974.96311962014
77779,United States,Mississippi,2020-05-28,39953.11925979517
77780,United States,Mississippi,2020-05-29,41880.72983300698
77781,United States,Mississippi,2020-05-30,43698.38970455929
78100,United States,Montana,2020-05-10,5797.481538444947
78101,United States,Montana,2020-05-11,9021.248387136106
78102,United States,Montana,2020-05-12,10845.218007474752
78103,United States,Montana,2020-05-13,11699.01006767846
78104,United States,Montana,2020-05-14,12192.548853955213
78105,United States,Montana,2020-05-15,14179.578848645007
78106,United States,Montana,2020-05-16,16973.994690305066
78107,United States,Montana,2020-05-17,19435.449284186154
78108,United States,Montana,2020-05-18,21250.55439971959
78109,United States,Montana,2020-05-19,22574.099971886557
78110,United States,Montana,2020-05-20,24056.598840549566
78111,United States,Montana,2020-05-21,26021.18963614728
78112,United States,Montana,2020-05-22,28215.725846743993
78113,United States,Montana,2020-05-23,30283.03937708671
78114,United States,Montana,2020-05-24,32070.641777986464
78115,United States,Montana,2020-05-25,33717.798173756455
78116,United States,Montana,2020-05-26,35458.393075118234
78117,United States,Montana,2020-05-27,37367.46015279809
78118,United States,Montana,2020-05-28,39344.553987263644
78119,United States,Montana,2020-05-29,41255.52749106728
78120,United States,Montana,2020-05-30,43061.378760055
78439,United States,North Carolina,2020-05-10,6913.647623165854
78440,United States,North Carolina,2020-05-11,10602.123869346427
78441,United States,North Carolina,2020-05-12,13050.13347700466
78442,United States,North Carolina,2020-05-13,14643.032956990326
78443,United States,North Carolina,2020-05-14,14429.700792922347
78444,United States,North Carolina,2020-05-15,15780.6057927051
78445,United States,North Carolina,2020-05-16,18535.92632595324
78446,United States,North Carolina,2020-05-17,21249.82188313631
78447,United States,North Carolina,2020-05-18,23451.117120717743
78448,United States,North Carolina,2020-05-19,24838.76088334919
78449,United States,North Carolina,2020-05-20,26085.332251292934
78450,United States,North Carolina,2020-05-21,27846.820375492738
78451,United States,North Carolina,2020-05-22,30019.464654396652
78452,United States,North Carolina,2020-05-23,32219.45783727453
78453,United States,North Carolina,2020-05-24,34131.8951112225
78454,United States,North Carolina,2020-05-25,35907.84617644182
78455,United States,North Carolina,2020-05-26,37687.03993701566
78456,United States,North Carolina,2020-05-27,39592.44856744326
78457,United States,North Carolina,2020-05-28,41609.15108209781
78458,United States,North Carolina,2020-05-29,43599.992387350954
78459,United States,North Carolina,2020-05-30,45371.17897715295
78778,United States,North Dakota,2020-05-10,5793.448990285597
78779,United States,North Dakota,2020-05-11,8837.32614257177
78780,United States,North Dakota,2020-05-12,10495.258405058976
78781,United States,North Dakota,2020-05-13,11483.907126095495
78782,United States,North Dakota,2020-05-14,12100.044220908756
78783,United States,North Dakota,2020-05-15,14119.208399266296
78784,United States,North Dakota,2020-05-16,16870.52023955431
78785,United States,North Dakota,2020-05-17,19246.38305098915
78786,United States,North Dakota,2020-05-18,21039.841278537384
78787,United States,North Dakota,2020-05-19,22404.97644024109
78788,United States,North Dakota,2020-05-20,23931.82914834367
78789,United States,North Dakota,2020-05-21,25907.469163608042
78790,United States,North Dakota,2020-05-22,28077.12339575012
78791,United States,North Dakota,2020-05-23,30116.523209904713
78792,United States,North Dakota,2020-05-24,31900.620174761894
78793,United States,North Dakota,2020-05-25,33564.22766568783
78794,United States,North Dakota,2020-05-26,35320.976133324846
78795,United States,North Dakota,2020-05-27,37231.54093475881
78796,United States,North Dakota,2020-05-28,39198.239705007334
78797,United States,North Dakota,2020-05-29,41100.047819846426
78798,United States,North Dakota,2020-05-30,42906.07092224287
79117,United States,Nebraska,2020-05-10,6300.763546131275
79118,United States,Nebraska,2020-05-11,9766.367371976226
79119,United States,Nebraska,2020-05-12,11756.086631680591
79120,United States,Nebraska,2020-05-13,12734.191118970146
79121,United States,Nebraska,2020-05-14,12946.82369009528
79122,United States,Nebraska,2020-05-15,14766.55865225246
79123,United States,Nebraska,2020-05-16,17610.70389952211
79124,United States,Nebraska,2020-05-17,20182.337200655686
79125,United States,Nebraska,2020-05-18,22097.824623768876
79126,United States,Nebraska,2020-05-19,23401.899223770688
79127,United States,Nebraska,2020-05-20,24794.25392305643
79128,United States,Nebraska,2020-05-21,26709.712112573343
79129,United States,Nebraska,2020-05-22,28920.597180229757
79130,United States,Nebraska,2020-05-23,31037.845985430464
79131,United States,Nebraska,2020-05-24,32854.402460123376
79132,United States,Nebraska,2020-05-25,34486.477777543376
79133,United States,Nebraska,2020-05-26,36194.72005589897
79134,United States,Nebraska,2020-05-27,38087.61211359586
79135,United States,Nebraska,2020-05-28,40073.76336743608
79136,United States,Nebraska,2020-05-29,42003.21757840411
79137,United States,Nebraska,2020-05-30,43816.5838070211
79456,United States,New Hampshire,2020-05-10,5761.244591880287
79457,United States,New Hampshire,2020-05-11,8919.721353474324
79458,United States,New Hampshire,2020-05-12,10591.54519410133
79459,United States,New Hampshire,2020-05-13,11447.959153285163
79460,United States,New Hampshire,2020-05-14,12036.531193370189
79461,United States,New Hampshire,2020-05-15,14080.224834924593
79462,United States,New Hampshire,2020-05-16,16874.09003030247
79463,United States,New Hampshire,2020-05-17,19284.009268790447
79464,United States,New Hampshire,2020-05-18,21058.37478619047
79465,United States,New Hampshire,2020-05-19,22390.380632463988
79466,United States,New Hampshire,2020-05-20,23905.246517456006
79467,United States,New Hampshire,2020-05-21,25891.364233396744
79468,United States,New Hampshire,2020-05-22,28080.59581264711
79469,United States,New Hampshire,2020-05-23,30127.545716425204
79470,United States,New Hampshire,2020-05-24,31903.284497555815
79471,United States,New Hampshire,2020-05-25,33555.451246664335
79472,United States,New Hampshire,2020-05-26,35308.58123527919
79473,United States,New Hampshire,2020-05-27,37224.46284919939
79474,United States,New Hampshire,2020-05-28,39198.14536490301
79475,United States,New Hampshire,2020-05-29,41101.658742687185
79476,United States,New Hampshire,2020-05-30,42904.12068115912
79795,United States,New Jersey,2020-05-10,7224.44361867532
79796,United States,New Jersey,2020-05-11,11320.888447750185
79797,United States,New Jersey,2020-05-12,13632.196565447393
79798,United States,New Jersey,2020-05-13,14727.130218925595
79799,United States,New Jersey,2020-05-14,14386.93554463049
79800,United States,New Jersey,2020-05-15,15883.517612130181
79801,United States,New Jersey,2020-05-16,18864.434035849936
79802,United States,New Jersey,2020-05-17,21684.92824337846
79803,United States,New Jersey,2020-05-18,23778.196799078876
79804,United States,New Jersey,2020-05-19,25017.893049198934
79805,United States,New Jersey,2020-05-20,26222.608650641858
79806,United States,New Jersey,2020-05-21,28049.37269139438
79807,United States,New Jersey,2020-05-22,30309.61631530479
79808,United States,New Jersey,2020-05-23,32531.327339081345
79809,United States,New Jersey,2020-05-24,34397.79748928558
79810,United States,New Jersey,2020-05-25,35990.68678559689
79811,United States,New Jersey,2020-05-26,37632.06467482987
79812,United States,New Jersey,2020-05-27,39497.61083222373
79813,United States,New Jersey,2020-05-28,41507.50965413006
79814,United States,New Jersey,2020-05-29,43474.76968937043
79815,United States,New Jersey,2020-05-30,45299.9514822666
80134,United States,New Mexico,2020-05-10,6289.793607421768
80135,United States,New Mexico,2020-05-11,9839.792112257095
80136,United States,New Mexico,2020-05-12,11621.578673530315
80137,United States,New Mexico,2020-05-13,12484.30529099461
80138,United States,New Mexico,2020-05-14,12777.455192940895
80139,United States,New Mexico,2020-05-15,14676.327788640578
80140,United States,New Mexico,2020-05-16,17574.82732845636
80141,United States,New Mexico,2020-05-17,20120.836965638937
80142,United States,New Mexico,2020-05-18,21968.259887517892
80143,United States,New Mexico,2020-05-19,23248.610352000316
80144,United States,New Mexico,2020-05-20,24663.518347873163
80145,United States,New Mexico,2020-05-21,26614.98816380979
80146,United States,New Mexico,2020-05-22,28841.072807146236
80147,United States,New Mexico,2020-05-23,30942.70626570151
80148,United States,New Mexico,2020-05-24,32736.90378020062
80149,United States,New Mexico,2020-05-25,34493.961550024746
80150,United States,New Mexico,2020-05-26,36340.647336385126
80151,United States,New Mexico,2020-05-27,38315.81866003456
80152,United States,New Mexico,2020-05-28,40342.406060436704
80153,United States,New Mexico,2020-05-29,42291.773220402036
80154,United States,New Mexico,2020-05-30,44155.86027911449
80473,United States,Nevada,2020-05-10,6281.258578167989
80474,United States,Nevada,2020-05-11,9961.594892807476
80475,United States,Nevada,2020-05-12,11936.808746414259
80476,United States,Nevada,2020-05-13,12909.982874257828
80477,United States,Nevada,2020-05-14,13083.955617064621
80478,United States,Nevada,2020-05-15,14844.772065507903
80479,United States,Nevada,2020-05-16,17715.275951905016
80480,United States,Nevada,2020-05-17,20323.15047036511
80481,United States,Nevada,2020-05-18,22252.89130693236
80482,United States,Nevada,2020-05-19,23549.937892177197
80483,United States,Nevada,2020-05-20,24918.345223000786
80484,United States,Nevada,2020-05-21,26823.072523320752
80485,United States,Nevada,2020-05-22,29042.508103057506
80486,United States,Nevada,2020-05-23,31172.509396229205
80487,United States,Nevada,2020-05-24,32994.42318806847
80488,United States,Nevada,2020-05-25,34621.13075933028
80489,United States,Nevada,2020-05-26,36320.92732728393
80490,United States,Nevada,2020-05-27,38211.06002962292
80491,United States,Nevada,2020-05-28,40200.69421534104
80492,United States,Nevada,2020-05-29,42134.83717057514
80493,United States,Nevada,2020-05-30,43949.41349658511
80812,United States,New York,2020-05-10,8663.708685456237
80813,United States,New York,2020-05-11,13547.048504726103
80814,United States,New York,2020-05-12,16752.626097601576
80815,United States,New York,2020-05-13,18420.477642844522
80816,United States,New York,2020-05-14,17068.678230605223
80817,United States,New York,2020-05-15,17848.773200230225
80818,United States,New York,2020-05-16,20893.0874178443
80819,United States,New York,2020-05-17,24129.08392900383
80820,United States,New York,2020-05-18,26666.23467109517
80821,United States,New York,2020-05-19,27889.553962117152
80822,United States,New York,2020-05-20,28760.008494664216
80823,United States,New York,2020-05-21,30358.634522486303
80824,United States,New York,2020-05-22,32645.61718837688
80825,United States,New York,2020-05-23,35058.466218900954
80826,United States,New York,2020-05-24,37060.23947109525
80827,United States,New York,2020-05-25,38616.700436693995
80828,United States,New York,2020-05-26,40133.730756529694
80829,United States,New York,2020-05-27,41921.942289538114
80830,United States,New York,2020-05-28,43955.08471944112
80831,United States,New York,2020-05-29,45995.026711644095
80832,United States,New York,2020-05-30,47859.072912202726
81151,United States,Ohio,2020-05-10,8824.937256280044
81152,United States,Ohio,2020-05-11,14048.170095499754
81153,United States,Ohio,2020-05-12,16864.201186584498
81154,United States,Ohio,2020-05-13,18074.08600846805
81155,United States,Ohio,2020-05-14,16775.9350413955
81156,United States,Ohio,2020-05-15,17763.58023811967
81157,United States,Ohio,2020-05-16,21015.7337932528
81158,United States,Ohio,2020-05-17,24270.481054163734
81159,United States,Ohio,2020-05-18,26642.042051197925
81160,United States,Ohio,2020-05-19,27746.063047815165
81161,United States,Ohio,2020-05-20,28628.99596204638
81162,United States,Ohio,2020-05-21,30320.072674072155
81163,United States,Ohio,2020-05-22,32679.04540752817
81164,United States,Ohio,2020-05-23,35079.49802801548
81165,United States,Ohio,2020-05-24,37020.875268215255
81166,United States,Ohio,2020-05-25,38538.56262832948
81167,United States,Ohio,2020-05-26,40066.38537611554
81168,United States,Ohio,2020-05-27,41891.64603660327
81169,United States,Ohio,2020-05-28,43946.88489921729
81170,United States,Ohio,2020-05-29,45977.94637500745
81171,United States,Ohio,2020-05-30,47819.2977786799
81490,United States,Oklahoma,2020-05-10,6443.188236422289
81491,United States,Oklahoma,2020-05-11,9887.714594900848
81492,United States,Oklahoma,2020-05-12,11939.406343025697
81493,United States,Oklahoma,2020-05-13,12762.401008761582
81494,United States,Oklahoma,2020-05-14,12911.048807764473
81495,United States,Oklahoma,2020-05-15,14794.21896451048
81496,United States,Oklahoma,2020-05-16,17687.200406755233
81497,United States,Oklahoma,2020-05-17,20292.035725541824
81498,United States,Oklahoma,2020-05-18,22185.49305444644
81499,United States,Oklahoma,2020-05-19,23443.69245439173
81500,United States,Oklahoma,2020-05-20,24824.132573649415
81501,United States,Oklahoma,2020-05-21,26756.649235808054
81502,United States,Oklahoma,2020-05-22,28991.023185997066
81503,United States,Oklahoma,2020-05-23,31116.317519303262
81504,United States,Oklahoma,2020-05-24,32920.793791846365
81505,United States,Oklahoma,2020-05-25,34538.22128368263
81506,United States,Oklahoma,2020-05-26,36243.20960142186
81507,United States,Oklahoma,2020-05-27,38143.565221540586
81508,United States,Oklahoma,2020-05-28,40138.2825843607
81509,United States,Oklahoma,2020-05-29,42069.126008011495
81510,United States,Oklahoma,2020-05-30,43877.40815121118
81829,United States,Oregon,2020-05-10,6150.280361711161
81830,United States,Oregon,2020-05-11,9404.266509586872
81831,United States,Oregon,2020-05-12,11201.367052712616
81832,United States,Oregon,2020-05-13,12035.904045012583
81833,United States,Oregon,2020-05-14,12435.029329712517
81834,United States,Oregon,2020-05-15,14430.128852080099
81835,United States,Oregon,2020-05-16,17279.587251002922
81836,United States,Oregon,2020-05-17,19765.664903367127
81837,United States,Oregon,2020-05-18,21580.284152347278
81838,United States,Oregon,2020-05-19,22874.728718717477
81839,United States,Oregon,2020-05-20,24335.122664313138
81840,United States,Oregon,2020-05-21,26305.79577129454
81841,United States,Oregon,2020-05-22,28517.37074138485
81842,United States,Oregon,2020-05-23,30595.216309078463
81843,United States,Oregon,2020-05-24,32378.97678318854
81844,United States,Oregon,2020-05-25,34014.50390611842
81845,United States,Oregon,2020-05-26,35748.747881911986
81846,United States,Oregon,2020-05-27,37660.55503278743
81847,United States,Oregon,2020-05-28,39644.020224746615
81848,United States,Oregon,2020-05-29,41558.01418576565
81849,United States,Oregon,2020-05-30,43361.37148202248
82168,United States,Pennsylvania,2020-05-10,8104.209832222054
82169,United States,Pennsylvania,2020-05-11,12650.788451565168
82170,United States,Pennsylvania,2020-05-12,16002.8669262521
82171,United States,Pennsylvania,2020-05-13,18413.503858065822
82172,United States,Pennsylvania,2020-05-14,17236.58863999506
82173,United States,Pennsylvania,2020-05-15,17732.995772973693
82174,United States,Pennsylvania,2020-05-16,20467.744263468543
82175,United States,Pennsylvania,2020-05-17,23576.361918719103
82176,United States,Pennsylvania,2020-05-18,26283.80395314115
82177,United States,Pennsylvania,2020-05-19,27725.184554264157
82178,United States,Pennsylvania,2020-05-20,28637.390555924012
82179,United States,Pennsylvania,2020-05-21,30128.675407616643
82180,United States,Pennsylvania,2020-05-22,32292.441936550455
82181,United States,Pennsylvania,2020-05-23,34683.26589245278
82182,United States,Pennsylvania,2020-05-24,36758.4792642443
82183,United States,Pennsylvania,2020-05-25,38387.562998388596
82184,United States,Pennsylvania,2020-05-26,39911.75601722669
82185,United States,Pennsylvania,2020-05-27,41654.34465664221
82186,United States,Pennsylvania,2020-05-28,43645.34761869904
82187,United States,Pennsylvania,2020-05-29,45684.64003046044
82188,United States,Pennsylvania,2020-05-30,47578.445697952026
82507,United States,Rhode Island,2020-05-10,6364.208205103505
82508,United States,Rhode Island,2020-05-11,9666.21865279568
82509,United States,Rhode Island,2020-05-12,11251.524373035187
82510,United States,Rhode Island,2020-05-13,12178.946652468047
82511,United States,Rhode Island,2020-05-14,12594.952721017791
82512,United States,Rhode Island,2020-05-15,14590.519488819107
82513,United States,Rhode Island,2020-05-16,17469.271987842574
82514,United States,Rhode Island,2020-05-17,19921.515275128935
82515,United States,Rhode Island,2020-05-18,21719.183182545345
82516,United States,Rhode Island,2020-05-19,23020.812118459104
82517,United States,Rhode Island,2020-05-20,24488.800421145832
82518,United States,Rhode Island,2020-05-21,26470.19100762504
82519,United States,Rhode Island,2020-05-22,28680.615676708778
82520,United States,Rhode Island,2020-05-23,30749.21814251683
82521,United States,Rhode Island,2020-05-24,32528.36698578918
82522,United States,Rhode Island,2020-05-25,34296.64053926746
82523,United States,Rhode Island,2020-05-26,36163.59871790798
82524,United States,Rhode Island,2020-05-27,38147.16593825683
82525,United States,Rhode Island,2020-05-28,40166.141315364606
82526,United States,Rhode Island,2020-05-29,42103.646899413674
82527,United States,Rhode Island,2020-05-30,43963.75832704069
82846,United States,South Carolina,2020-05-10,6125.175301961997
82847,United States,South Carolina,2020-05-11,9475.662031395696
82848,United States,South Carolina,2020-05-12,11440.275503039655
82849,United States,South Carolina,2020-05-13,12527.393696096631
82850,United States,South Carolina,2020-05-14,12832.59625130368
82851,United States,South Carolina,2020-05-15,14640.122418460654
82852,United States,South Carolina,2020-05-16,17421.97623606727
82853,United States,South Carolina,2020-05-17,19944.492464165258
82854,United States,South Carolina,2020-05-18,21866.371599718284
82855,United States,South Carolina,2020-05-19,23213.04529100199
82856,United States,South Carolina,2020-05-20,24632.96838365776
82857,United States,South Carolina,2020-05-21,26541.42929459765
82858,United States,South Carolina,2020-05-22,28727.222636358973
82859,United States,South Carolina,2020-05-23,30828.979481728027
82860,United States,South Carolina,2020-05-24,32651.571192045005
82861,United States,South Carolina,2020-05-25,34299.625856666804
82862,United States,South Carolina,2020-05-26,36016.548837564595
82863,United States,South Carolina,2020-05-27,37905.28768632524
82864,United States,South Carolina,2020-05-28,39882.01760116254
82865,United States,South Carolina,2020-05-29,41807.05313220727
82866,United States,South Carolina,2020-05-30,43623.79301335635
83185,United States,South Dakota,2020-05-10,5796.863388814013
83186,United States,South Dakota,2020-05-11,8890.436355050322
83187,United States,South Dakota,2020-05-12,10769.359291692053
83188,United States,South Dakota,2020-05-13,11780.890352923518
83189,United States,South Dakota,2020-05-14,12281.233431223456
83190,United States,South Dakota,2020-05-15,14220.211857533915
83191,United States,South Dakota,2020-05-16,16954.53790183565
83192,United States,South Dakota,2020-05-17,19391.529258668015
83193,United States,South Dakota,2020-05-18,21245.54941786841
83194,United States,South Dakota,2020-05-19,22608.875840885732
83195,United States,South Dakota,2020-05-20,24096.762548592957
83196,United States,South Dakota,2020-05-21,26039.937629026084
83197,United States,South Dakota,2020-05-22,28210.624461224466
83198,United States,South Dakota,2020-05-23,30275.267843878082
83199,United States,South Dakota,2020-05-24,32077.843433620186
83200,United States,South Dakota,2020-05-25,33738.36417188995
83201,United States,South Dakota,2020-05-26,35479.459701527085
83202,United States,South Dakota,2020-05-27,37379.22463704344
83203,United States,South Dakota,2020-05-28,39348.40199061954
83204,United States,South Dakota,2020-05-29,41259.75493260937
83205,United States,South Dakota,2020-05-30,43071.487867717085
83524,United States,Tennessee,2020-05-10,8457.475323228904
83525,United States,Tennessee,2020-05-11,12872.144448475901
83526,United States,Tennessee,2020-05-12,14499.969797859445
83527,United States,Tennessee,2020-05-13,14933.482769903632
83528,United States,Tennessee,2020-05-14,14459.966601025637
83529,United States,Tennessee,2020-05-15,16354.491404303953
83530,United States,Tennessee,2020-05-16,19756.16564521277
83531,United States,Tennessee,2020-05-17,22612.76327213549
83532,United States,Tennessee,2020-05-18,24445.857560071236
83533,United States,Tennessee,2020-05-19,25447.0475619761
83534,United States,Tennessee,2020-05-20,26642.47703694412
83535,United States,Tennessee,2020-05-21,28635.017430384076
83536,United States,Tennessee,2020-05-22,31032.893633411997
83537,United States,Tennessee,2020-05-23,33246.45613532466
83538,United States,Tennessee,2020-05-24,35008.070477492416
83539,United States,Tennessee,2020-05-25,36521.23358124405
83540,United States,Tennessee,2020-05-26,38173.02813614902
83541,United States,Tennessee,2020-05-27,40103.37652224525
83542,United States,Tennessee,2020-05-28,42157.263179801404
83543,United States,Tennessee,2020-05-29,44113.129204439494
83544,United States,Tennessee,2020-05-30,45897.103413484016
83863,United States,Texas,2020-05-10,11453.035545989325
83864,United States,Texas,2020-05-11,17749.20448009586
83865,United States,Texas,2020-05-12,22579.761665532962
83866,United States,Texas,2020-05-13,24818.373694013288
83867,United States,Texas,2020-05-14,21581.528012607705
83868,United States,Texas,2020-05-15,21284.21973793407
83869,United States,Texas,2020-05-16,24580.877205295325
83870,United States,Texas,2020-05-17,28618.957841372634
83871,United States,Texas,2020-05-18,31851.602307505524
83872,United States,Texas,2020-05-19,32925.867718078254
83873,United States,Texas,2020-05-20,33190.1818657098
83874,United States,Texas,2020-05-21,34444.11266258629
83875,United States,Texas,2020-05-22,36841.72425999734
83876,United States,Texas,2020-05-23,39603.16659788152
83877,United States,Texas,2020-05-24,41803.8809269668
83878,United States,Texas,2020-05-25,43389.85325193719
83879,United States,Texas,2020-05-26,44813.10284220681
83880,United States,Texas,2020-05-27,46558.09163764233
83881,United States,Texas,2020-05-28,48691.28024648686
83882,United States,Texas,2020-05-29,50886.099958738996
83883,United States,Texas,2020-05-30,52861.3499223829
84202,United States,Utah,2020-05-10,6397.215008722083
84203,United States,Utah,2020-05-11,10105.32010381002
84204,United States,Utah,2020-05-12,12593.943134172285
84205,United States,Utah,2020-05-13,13892.267682982863
84206,United States,Utah,2020-05-14,13791.176977594449
84207,United States,Utah,2020-05-15,15264.930615712201
84208,United States,Utah,2020-05-16,18030.223521122312
84209,United States,Utah,2020-05-17,20748.14391234239
84210,United States,Utah,2020-05-18,22878.558970731323
84211,United States,Utah,2020-05-19,24230.17732398858
84212,United States,Utah,2020-05-20,25506.74984229611
84213,United States,Utah,2020-05-21,27302.540772604352
84214,United States,Utah,2020-05-22,29492.291127968034
84215,United States,Utah,2020-05-23,31679.906961978937
84216,United States,Utah,2020-05-24,33568.260636897605
84217,United States,Utah,2020-05-25,35205.55048923742
84218,United States,Utah,2020-05-26,36867.14006994799
84219,United States,Utah,2020-05-27,38717.871192002305
84220,United States,Utah,2020-05-28,40702.55310639886
84221,United States,Utah,2020-05-29,42660.6114021801
84222,United States,Utah,2020-05-30,44497.24604561772
84541,United States,Virginia,2020-05-10,6455.7686169332665
84542,United States,Virginia,2020-05-11,9973.453342073764
84543,United States,Virginia,2020-05-12,11936.540609475269
84544,United States,Virginia,2020-05-13,12796.346517038666
84545,United States,Virginia,2020-05-14,12968.890759596474
84546,United States,Virginia,2020-05-15,14833.310774039965
84547,United States,Virginia,2020-05-16,17734.003989439152
84548,United States,Virginia,2020-05-17,20328.682636324167
84549,United States,Virginia,2020-05-18,22217.48680006431
84550,United States,Virginia,2020-05-19,23483.557246017823
84551,United States,Virginia,2020-05-20,24866.231019104645
84552,United States,Virginia,2020-05-21,26799.30280843985
84553,United States,Virginia,2020-05-22,29031.791530650953
84554,United States,Virginia,2020-05-23,31153.905570605304
84555,United States,Virginia,2020-05-24,32958.45826754589
84556,United States,Virginia,2020-05-25,34709.17876303382
84557,United States,Virginia,2020-05-26,36543.58163829511
84558,United States,Virginia,2020-05-27,38512.77877609084
84559,United States,Virginia,2020-05-28,40543.31908313501
84560,United States,Virginia,2020-05-29,42499.953007574826
84561,United States,Virginia,2020-05-30,44366.77484611462
84880,United States,Virgin Islands,2020-05-10,5515.250846433164
84881,United States,Virgin Islands,2020-05-11,8478.756729846697
84882,United States,Virgin Islands,2020-05-12,10077.802377713793
84883,United States,Virgin Islands,2020-05-13,10929.201523567044
84884,United States,Virgin Islands,2020-05-14,11668.185417888119
84885,United States,Virgin Islands,2020-05-15,13789.506560305788
84886,United States,Virgin Islands,2020-05-16,16535.4091408652
84887,United States,Virgin Islands,2020-05-17,18874.55381190238
84888,United States,Virgin Islands,2020-05-18,20608.34212003847
84889,United States,Virgin Islands,2020-05-19,21964.8133864539
84890,United States,Virgin Islands,2020-05-20,23530.97189644577
84891,United States,Virgin Islands,2020-05-21,25536.860205295467
84892,United States,Virgin Islands,2020-05-22,27708.527960703774
84893,United States,Virgin Islands,2020-05-23,29727.03899482015
84894,United States,Virgin Islands,2020-05-24,31492.140611853643
84895,United States,Virgin Islands,2020-05-25,33157.24764795997
84896,United States,Virgin Islands,2020-05-26,34928.36601701185
84897,United States,Virgin Islands,2020-05-27,36849.86238928941
84898,United States,Virgin Islands,2020-05-28,38815.74210229477
84899,United States,Virgin Islands,2020-05-29,40709.20360483505
84900,United States,Virgin Islands,2020-05-30,42509.5777330178
85219,United States,Vermont,2020-05-10,5546.446639896978
85220,United States,Vermont,2020-05-11,8531.26623123161
85221,United States,Vermont,2020-05-12,10175.034685327752
85222,United States,Vermont,2020-05-13,11055.506898747171
85223,United States,Vermont,2020-05-14,11759.931613501903
85224,United States,Vermont,2020-05-15,13850.373071297032
85225,United States,Vermont,2020-05-16,16591.93911903506
85226,United States,Vermont,2020-05-17,18945.630677021843
85227,United States,Vermont,2020-05-18,20699.225208669064
85228,United States,Vermont,2020-05-19,22058.467641147843
85229,United States,Vermont,2020-05-20,23612.833669361517
85230,United States,Vermont,2020-05-21,25608.105015052242
85231,United States,Vermont,2020-05-22,27778.71050440811
85232,United States,Vermont,2020-05-23,29804.229117916006
85233,United States,Vermont,2020-05-24,31575.710977725925
85234,United States,Vermont,2020-05-25,33372.29140198531
85235,United States,Vermont,2020-05-26,35266.979372654714
85236,United States,Vermont,2020-05-27,37253.565854745924
85237,United States,Vermont,2020-05-28,39256.58491853676
85238,United States,Vermont,2020-05-29,41179.500339434235
85239,United States,Vermont,2020-05-30,43040.336112348436
85558,United States,Washington,2020-05-10,6543.529740336195
85559,United States,Washington,2020-05-11,10101.127060143113
85560,United States,Washington,2020-05-12,12206.89862265707
85561,United States,Washington,2020-05-13,13049.412704393137
85562,United States,Washington,2020-05-14,13118.187964821307
85563,United States,Washington,2020-05-15,14945.088426407401
85564,United States,Washington,2020-05-16,17855.244424677076
85565,United States,Washington,2020-05-17,20499.656724209315
85566,United States,Washington,2020-05-18,22422.435005202595
85567,United States,Washington,2020-05-19,23673.111946181718
85568,United States,Washington,2020-05-20,25024.534329865975
85569,United States,Washington,2020-05-21,26941.482863216508
85570,United States,Washington,2020-05-22,29182.411269545093
85571,United States,Washington,2020-05-23,31324.06280716062
85572,United States,Washington,2020-05-24,33137.28507598771
85573,United States,Washington,2020-05-25,34749.40771319507
85574,United States,Washington,2020-05-26,36443.877644000844
85575,United States,Washington,2020-05-27,38339.38374861185
85576,United States,Washington,2020-05-28,40337.41848985108
85577,United States,Washington,2020-05-29,42274.27450153149
85578,United States,Washington,2020-05-30,44084.805435908536
85897,United States,Wisconsin,2020-05-10,7017.190719960518
85898,United States,Wisconsin,2020-05-11,11168.490068415344
85899,United States,Wisconsin,2020-05-12,13672.721686054916
85900,United States,Wisconsin,2020-05-13,15012.997463334556
85901,United States,Wisconsin,2020-05-14,14629.627388326116
85902,United States,Wisconsin,2020-05-15,15946.86420892915
85903,United States,Wisconsin,2020-05-16,18831.595221607655
85904,United States,Wisconsin,2020-05-17,21674.909047340418
85905,United States,Wisconsin,2020-05-18,23871.83633707058
85906,United States,Wisconsin,2020-05-19,25175.814543764278
85907,United States,Wisconsin,2020-05-20,26353.644393718754
85908,United States,Wisconsin,2020-05-21,28117.657100274027
85909,United States,Wisconsin,2020-05-22,30344.24010518581
85910,United States,Wisconsin,2020-05-23,32583.55446288036
85911,United States,Wisconsin,2020-05-24,34489.163889005766
85912,United States,Wisconsin,2020-05-25,36100.072776117784
85913,United States,Wisconsin,2020-05-26,37728.19001639067
85914,United States,Wisconsin,2020-05-27,39570.20958201696
85915,United States,Wisconsin,2020-05-28,41570.37532256957
85916,United States,Wisconsin,2020-05-29,43546.663012285106
85917,United States,Wisconsin,2020-05-30,45385.95923579498
86236,United States,West Virginia,2020-05-10,5947.611432073744
86237,United States,West Virginia,2020-05-11,9145.762310578335
86238,United States,West Virginia,2020-05-12,10912.14317013108
86239,United States,West Virginia,2020-05-13,11825.269437347688
86240,United States,West Virginia,2020-05-14,12309.812428514782
86241,United States,West Virginia,2020-05-15,14291.755505649428
86242,United States,West Virginia,2020-05-16,17091.663931741008
86243,United States,West Virginia,2020-05-17,19539.594116720884
86244,United States,West Virginia,2020-05-18,21356.7662350391
86245,United States,West Virginia,2020-05-19,22685.911571884666
86246,United States,West Virginia,2020-05-20,24169.14438518282
86247,United States,West Virginia,2020-05-21,26134.36292767425
86248,United States,West Virginia,2020-05-22,28326.16961842888
86249,United States,West Virginia,2020-05-23,30391.229916779284
86250,United States,West Virginia,2020-05-24,32179.510319170407
86251,United States,West Virginia,2020-05-25,33827.96281181003
86252,United States,West Virginia,2020-05-26,35569.38086980021
86253,United States,West Virginia,2020-05-27,37478.07285204763
86254,United States,West Virginia,2020-05-28,39454.02236615323
86255,United States,West Virginia,2020-05-29,41364.36416482113
86256,United States,West Virginia,2020-05-30,43170.371782849026
86575,United States,Wyoming,2020-05-10,5841.733609151338
86576,United States,Wyoming,2020-05-11,8928.95264666027
86577,United States,Wyoming,2020-05-12,10593.494223089425
86578,United States,Wyoming,2020-05-13,11443.868751387952
86579,United States,Wyoming,2020-05-14,12029.888350808767
86580,United States,Wyoming,2020-05-15,14100.05884923762
86581,United States,Wyoming,2020-05-16,16897.392563368907
86582,United States,Wyoming,2020-05-17,19297.999689760098
86583,United States,Wyoming,2020-05-18,21064.61562608605
86584,United States,Wyoming,2020-05-19,22392.36610489003
86585,United States,Wyoming,2020-05-20,23912.352736271507
86586,United States,Wyoming,2020-05-21,25904.987817119243
86587,United States,Wyoming,2020-05-22,28095.09125835164
86588,United States,Wyoming,2020-05-23,30138.93296257092
86589,United States,Wyoming,2020-05-24,31911.10201061933
86590,United States,Wyoming,2020-05-25,33562.6246849913
86591,United States,Wyoming,2020-05-26,35317.94155079472
86592,United States,Wyoming,2020-05-27,37235.88748570507
86593,United States,Wyoming,2020-05-28,39209.71504084702
86594,United States,Wyoming,2020-05-29,41111.87301350979
86595,United States,Wyoming,2020-05-30,42913.097427573266
